Country,1949,1950,1951,1952,1953,1954,1955,1956,1957,1958,1959,1960,1961,1962,1963,1964,1965,1966,1967,1968,1969,1970,1971,1972,1973,1974,1975,1976,1977,1978,1979,1980,1981,1982,1983,1984,1985,1986,1987,1988,1989,1990,1991,1992,1993,1994,1995,1996,1997,1998,1999,2000,2001,2002,2003,2004,2005,2006,2007,2008,2009,2010,2011,2012,2013,2014,2015,2016,2017,2018,2019
Algeria,xxx,xxx,xxx,xxx,xxx,xxx,xxx,xxx,xxx,xxx,xxx,xxx,xxx,. .,. .,. .,. .,. .,. .,. .,243,227,222,215,223,427,476,664,579,628,621,706,627,724,728,684,641,630,643,636,622,664,680,1138,1223,1488,1442,1642,1974,2088,2204,2557,2799,2860,2799,3183,3332,3416,4008,4670,5072,5368,7682,8084,8732,10056,10520,10552,9993,9584,10334
Libya,xxx,xxx,. .,. .,. .,. .,. .,. .,. .,. .,. .,. .,. .,. .,. .,159.4,194.0,347,440,526,718,1285,1326,1024,1273,1691,1033,1111,1536,1807,2249,2579,1203,1389,. .,. .,. .,. .,. .,. .,. .,. .,. .,. .,. .,. .,. .,. .,1353,1526,1178,1261,1234,1586,1974,2577,2539,2234,2102,3177,. .,. .,. .,6895,8988,8317,. .,. .,. .,. .,. .
Morocco,xxx,xxx,xxx,xxx,xxx,xxx,xxx,111,162,215,251,250,285,303,398,358,312,339,354,455,413,427,512,566,644,758,1114,1563,1793,1597,1600,1842,1877,1945,1416,1272,1823,1596,1597,1723,1864,1830,1922,1907,2012,2065,1902,1897,1987,2010,1703,1289,2332,2219,2350,2284,2371,2393,2465,2749,2936,3142,3165,3392,3876,3843,3549,3570,3675,3697,3761
Tunisia,xxx,xxx,xxx,xxx,xxx,xxx,xxx,. .,. .,. .,. .,. .,63.1,48.1,48.3,58.3,45.7,48.0,51.4,57.7,55.0,70.3,73.0,82,81,82,117,135,178,198,190,202,267,403,496,339,294,253,229,265,273,251,257,258,269,278,283,325,321,328,324,339,352,349,363,369,397,419,387,420,434,450,537,542,597,713,851,906,841,844,1039
Angola,xxx,xxx,xxx,xxx,xxx,xxx,xxx,xxx,xxx,xxx,xxx,xxx,xxx,xxx,xxx,xxx,xxx,xxx,xxx,xxx,xxx,xxx,xxx,xxx,xxx,xxx,. .,. .,. .,. .,. .,. .,. .,. .,. .,. .,. .,. .,. .,280,359,312,187,163,2618,. .,1227,919,1473,454,5807,2690,1621,1662,2194,2089,2959,3476,3049,4127,4015,4297,4023,4222,5767,6154,3592,2834,2417,1984,1810
Benin,xxx,xxx,xxx,xxx,xxx,xxx,xxx,xxx,xxx,xxx,xxx,. .,. .,. .,. .,. .,. .,. .,. .,. .,. .,16.9,16.8,18.4,20.0,18.9,18.0,15.7,20.8,14.9,26.3,31.6,29.4,32.9,43.6,54.2,51.4,52.3,62.3,61.9,51.3,49.9,. .,. .,. .,. .,. .,. .,. .,. .,30.9,27.9,25.0,45.9,50.1,54.6,55.4,55.4,. .,60.0,. .,. .,. .,72.1,76.1,83.2,97.0,85.8,123.4,90.2,72.0
Botswana,xxx,xxx,xxx,xxx,xxx,xxx,xxx,xxx,xxx,xxx,xxx,xxx,xxx,xxx,xxx,xxx,xxx,. .,. .,. .,. .,. .,. .,. .,. .,. .,. .,. .,15.8,36.1,54.1,59.4,53.7,44.9,45.0,52.4,57.1,83.8,146.7,187,203,255,274,254,266,245,223,206,237,290,276,306,374,399,385,356,322,317,350,374,361,338,327,305,298,344,418,586,548,498,528
Burkina Faso,xxx,xxx,xxx,xxx,xxx,xxx,xxx,xxx,xxx,xxx,xxx,5.8,6.3,18.4,18.8,18.7,12.4,13.5,13.3,13.7,14.0,15.3,15.5,16.6,16.8,17.2,37.1,48.8,45.3,54.3,44.1,43.1,49.4,51.6,49.4,49.7,48.0,71.8,63.4,68.0,85.5,92.7,77.4,75.8,68.6,53.7,54.8,53.3,61.7,60.8,67.8,69.0,68.0,73.0,71.3,84.2,88.8,84.6,115,106,118,121,126,140,152,162,160.6,163,205,306,373
Burundi,xxx,xxx,xxx,xxx,xxx,xxx,xxx,xxx,xxx,xxx,xxx,xxx,xxx,. .,. .,. .,13.1,13.8,14.5,14.9,18.5,. .,14.1,18.6,26.3,29.0,27.9,33.4,45.7,45.0,38.7,52.2,50.3,58.0,51.9,51.0,53.3,53.2,47.9,57.9,64.8,68.3,70.0,72.0,71.1,74.5,62.0,71.9,77.6,83.2,87.2,75.0,99.4,95.3,96.9,94.1,90.2,75.3,75.7,63.1,. .,. .,. .,67.7,69.8,67.9,69.6,69.7,60.0,65.4,62.5
Cameroon,xxx,xxx,xxx,xxx,xxx,xxx,xxx,xxx,xxx,xxx,xxx,. .,. .,. .,. .,. .,. .,. .,. .,. .,. .,149,151,148,150,152,160,169,172,182,199,204,285,333,327,330,286,256,220,203,210,218,223,216,218,178,176,179,198,224,242,235,234,254,272,290,286,311,326,338,342,365,332,357,375,376,386,420,434,430,436
Cape Verde,xxx,xxx,xxx,xxx,xxx,xxx,xxx,xxx,xxx,xxx,xxx,xxx,xxx,xxx,xxx,xxx,xxx,xxx,xxx,xxx,xxx,xxx,xxx,xxx,xxx,xxx,. .,. .,. .,. .,. .,. .,. .,. .,. .,11.1,10.5,10.9,10.6,10.3,. .,. .,. .,5.2,4.5,5.5,8.7,6.0,6.0,6.7,7.5,12.1,8.2,7.5,7.9,8.2,8.9,8.3,8.2,9.8,8.0,8.0,8.7,9.1,8.8,9.0,9.6,11.1,10.0,10.7,10.1
Central African Rep.,xxx,xxx,xxx,xxx,xxx,xxx,xxx,xxx,xxx,xxx,xxx,. .,. .,. .,. .,. .,. .,. .,. .,. .,. .,. .,. .,. .,. .,. .,. .,. .,. .,. .,. .,. .,. .,. .,. .,. .,. .,. .,. .,. .,. .,. .,47.1,47.9,43.6,38.3,35.2,32.6,. .,. .,. .,. .,. .,36.1,40.6,37.9,37.5,. .,39.3,55.3,64.4,95.4,86.7,76.0,81.3,52.0,31.6,30.4,29.5,30.5,33.2
Chad,xxx,xxx,xxx,xxx,xxx,xxx,xxx,xxx,xxx,xxx,xxx,. .,. .,. .,. .,. .,. .,. .,. .,. .,. .,. .,. .,. .,. .,. .,. .,. .,. .,. .,. .,. .,. .,. .,83.2,80.7,74.6,85.3,55.3,108,86.9,45.5,. .,45.5,58.9,46.1,34.3,39.1,28.3,26.6,39.3,44.6,50.1,59.2,60.0,71.2,72.3,267,469,624,723,645,632,. .,691,367,239,341,241,253,240
"Congo, Republic of",xxx,xxx,xxx,xxx,xxx,xxx,xxx,xxx,xxx,xxx,xxx,. .,. .,. .,. .,. .,. .,. .,. .,. .,. .,59.4,59.7,46.2,60.2,76.2,80.6,85.7,. .,70.9,85.7,86.8,123,163,. .,138,155,. .,179,. .,. .,. .,. .,204,181,. .,. .,. .,. .,. .,. .,. .,116,137,152,179,141,164,195,214,. .,238,. .,. .,356,678,. .,544,398,292,312
"Congo, Dem. Rep.",xxx,xxx,xxx,xxx,xxx,xxx,xxx,xxx,xxx,xxx,xxx,. .,. .,. .,60.3,82.9,135.1,115.8,104.2,107.9,145.9,190.9,179.4,143.1,134.8,192.3,137.2,83.7,71.6,62.5,57.1,50.3,27.4,53.9,36.7,45.8,38.6,53.3,23.6,174.5,54.7,38.7,35.6,67.9,209,. .,. .,87.3,71.9,21.6,78.8,62.0,. .,. .,99.9,166,194,211,199,143,154,242,277,351,393,355,508,434,343,295,341
Côte d’Ivoire,xxx,xxx,xxx,xxx,xxx,xxx,xxx,xxx,xxx,xxx,xxx,. .,. .,71.3,65.0,89.6,101,100,108,108,114,123,166,201,145,191,170,193,153,209,201,201,184,194,188,191,191,186,192,186,199,190,194,190,189,166,. .,159,159,. .,. .,. .,. .,. .,301,318,304,315,343,343,408,390,327,398,396,478,618,650,532,608,559
Djibouti,xxx,xxx,xxx,xxx,xxx,xxx,xxx,xxx,xxx,xxx,xxx,xxx,xxx,xxx,xxx,xxx,xxx,xxx,xxx,xxx,xxx,xxx,xxx,xxx,xxx,xxx,xxx,xxx,. .,. .,. .,5.8,16.7,91.7,93.9,91.7,89.7,84.5,81.1,73.0,71.8,69.2,67.2,68.6,61.9,59.4,54.6,43.7,46.2,45.4,45.7,43.6,42.9,54.4,67.0,58.1,67.6,72.2,47.9,45.0,. .,. .,. .,. .,. .,. .,. .,. .,. .,. .,. .
Equatorial Guinea,xxx,xxx,xxx,xxx,xxx,xxx,xxx,xxx,xxx,xxx,xxx,xxx,xxx,xxx,xxx,xxx,xxx,xxx,xxx,. .,. .,. .,. .,. .,. .,. .,. .,. .,. .,. .,. .,. .,. .,. .,. .,. .,. .,. .,. .,. .,. .,. .,. .,. .,. .,7.6,8.3,. .,. .,. .,. .,. .,. .,. .,. .,. .,. .,. .,249,326,417,. .,. .,. .,. .,156,150.8,151.3,. .,. .,. .
Eritrea,xxx,xxx,xxx,xxx,xxx,xxx,xxx,xxx,xxx,xxx,xxx,xxx,xxx,xxx,xxx,xxx,xxx,xxx,xxx,xxx,xxx,xxx,xxx,xxx,xxx,xxx,xxx,xxx,xxx,xxx,xxx,xxx,xxx,xxx,xxx,xxx,xxx,xxx,xxx,xxx,xxx,xxx,xxx,xxx,680,489,767,874,552,1540,1632,1358,1005,961,938,. .,. .,. .,. .,. .,. .,. .,. .,. .,. .,. .,. .,. .,. .,. .,. .
Ethiopia,. .,. .,. .,. .,. .,. .,. .,. .,. .,. .,. .,. .,. .,. .,. .,. .,236,242,204,191,187,170,177,197,195,273,429,342,309,357,477,594,571,569,605,578,492,558,621,748,882,843,418,247,273,252,213,247,455,973,1544,1393,885,736,626,679,682,616,564,451,446,451,435,405,403,438,447,488,499,512,504
Gabon,xxx,xxx,xxx,xxx,xxx,xxx,xxx,xxx,xxx,xxx,xxx,. .,. .,. .,. .,. .,. .,. .,14.3,13.9,20.7,22.6,25.7,27.6,32.4,34.8,38.7,42.9,55.7,. .,79.3,84.6,129,134,137,138,157,162,. .,. .,. .,. .,. .,. .,. .,. .,. .,. .,. .,. .,. .,172,171,170,159,166,151,168,. .,. .,. .,287,267,294,287,203,199,233,296,261,273
Gambia,xxx,xxx,xxx,xxx,xxx,xxx,xxx,xxx,xxx,xxx,xxx,xxx,xxx,xxx,xxx,xxx,. .,. .,. .,. .,. .,. .,. .,. .,. .,. .,. .,. .,. .,. .,. .,. .,. .,. .,0.7,0.9,1.3,1.2,1.3,1.8,2.3,2.7,3.2,2.6,1.8,1.7,2.0,2.8,3.0,3.0,2.7,2.8,2.4,2.6,2.8,2.5,3.5,3.2,4.3,14.0,6.7,. .,. .,11.0,10.8,16.7,15.2,. .,. .,11.5,14.1
Ghana,xxx,xxx,xxx,xxx,xxx,xxx,xxx,xxx,. .,42.6,48.5,85.4,106.2,99.0,105.5,100.6,85.0,99.8,. .,135,139,129,105.0,90.3,91.1,119,113,81.4,51.4,38.0,25.1,30.4,22.8,16.2,9.8,17.9,34.6,37.3,38.6,20.3,21.5,23.1,33.1,35.9,42.0,45.7,46.7,39.3,39.4,49.0,51.9,72.8,45.8,50.4,62.6,61.1,60.9,65.5,100.5,88.0,102.2,97.1,181,288,212,284,227,172,196,218,244
Guinea,xxx,xxx,xxx,xxx,xxx,xxx,xxx,xxx,xxx,xxx,xxx,. .,. .,. .,. .,. .,. .,. .,. .,. .,. .,. .,. .,. .,. .,. .,. .,. .,. .,. .,. .,42.1,30.0,24.5,. .,. .,. .,. .,. .,. .,. .,. .,104.9,83.5,65.2,66.7,. .,. .,65.3,71.2,93.7,92.0,186,205,159,147,. .,. .,. .,. .,. .,. .,. .,220,226,210,232.5,188,198,197,182
Guinea-Bissau,xxx,xxx,xxx,xxx,xxx,xxx,xxx,xxx,xxx,xxx,xxx,xxx,xxx,xxx,xxx,xxx,xxx,xxx,xxx,xxx,xxx,xxx,xxx,xxx,. .,. .,. .,. .,. .,. .,. .,. .,. .,11.9,19.5,10.5,5.4,7.2,5.7,. .,7.3,. .,. .,. .,. .,3.9,4.1,3.4,3.2,4.7,. .,17.6,11.4,10.8,11.0,. .,15.5,. .,. .,. .,13.6,17.3,16.0,23.8,20.1,20.2,18.9,17.3,20.4,. .,. .
Kenya,xxx,xxx,xxx,xxx,xxx,xxx,xxx,xxx,xxx,xxx,xxx,xxx,xxx,xxx,30.1,95.0,154,194,233,238,230,243,303,386,436,471,471,676,1133,1466,1596,1299,1260,1274,1193,982,826,989,1272,1227,1139,1161,904,676,565,470,540,631,600,565,550,590,679,731,738,728,768,760,851,812,829,879,898,1015,1002,911,983,1058,1085,1114,1095
Lesotho,xxx,xxx,xxx,xxx,xxx,xxx,xxx,xxx,xxx,xxx,xxx,xxx,xxx,xxx,xxx,xxx,xxx,. .,. .,. .,. .,. .,. .,. .,. .,. .,. .,3.7,3.8,4.9,5.5,9.4,10.1,13.4,11.0,11.5,13.3,14.5,15.6,14.6,19.6,18.5,15.5,14.9,13.8,16.1,20.0,17.9,29.1,34.5,48.9,47.0,49.3,37.8,35.5,33.2,33.8,35.5,38.7,28.2,46.6,58.0,45.1,43.9,44.3,47.1,49.5,50.5,54.8,51.1,46.2
Liberia,. .,. .,. .,. .,. .,. .,. .,. .,. .,. .,. .,. .,. .,. .,. .,. .,. .,. .,. .,. .,. .,. .,. .,. .,. .,. .,. .,. .,. .,. .,. .,. .,. .,. .,. .,. .,. .,. .,. .,. .,. .,. .,. .,. .,. .,. .,. .,. .,. .,. .,. .,. .,. .,. .,. .,14.2,33.4,14.7,11.1,11.6,19.8,21.5,31.6,33.6,30.4,27.1,25.4,22.5,16.5,13.7,13.6
Madagascar,xxx,xxx,xxx,xxx,xxx,xxx,xxx,xxx,xxx,xxx,xxx,. .,. .,. .,. .,42.8,46.5,47.7,50.5,53.9,54.5,52.8,52.6,57.2,60.2,67.7,65.0,75.5,100,103,133,123,116,. .,. .,90.9,87.3,77.4,77.1,71.8,69.0,72.2,74.7,44.1,67.4,56.7,52.1,75.3,96.0,92.8,87.0,87.8,109,86.3,100,99,89.2,86.0,104,109,78.7,61.7,69.1,67.5,67.2,67.2,64.3,65.8,66.9,73.3,78.3
Malawi,xxx,xxx,xxx,xxx,xxx,xxx,xxx,xxx,xxx,xxx,xxx,xxx,xxx,xxx,xxx,. .,. .,. .,. .,6.8,6.7,6.7,7.0,7.5,12.7,12.5,18.8,17.5,22.7,35.0,49.4,47.9,34.2,25.7,20.8,17.7,20.4,24.2,20.1,16.2,17.6,16.6,14.7,16.3,16.5,16.2,10.0,13.3,17.1,13.7,13.3,11.3,12.1,13.1,13.4,22.5,36.9,30.3,31.2,38.1,46.7,39.4,40.2,46.1,72.2,53.5,42.4,43.1,53.3,58.4,62.8
Mali,xxx,xxx,xxx,xxx,xxx,xxx,xxx,xxx,xxx,xxx,xxx,. .,. .,. .,. .,. .,28.4,26.0,26.5,27.5,31.3,35.7,27.7,33.9,33.3,34.2,47.3,55.6,54.8,44.9,51.6,44.4,41.8,45.4,43.2,42.5,47.0,46.2,55.6,54.9,56.4,54.2,. .,. .,50.5,54.0,58.0,54.5,63.4,62.7,70.8,82.1,82.6,82.2,94,102,107,116,121,134,139,147,149,141,142,200,334,400,495,482,499
Mauritania,xxx,xxx,xxx,xxx,xxx,xxx,xxx,xxx,xxx,xxx,xxx,. .,. .,. .,. .,. .,. .,. .,. .,. .,. .,. .,. .,. .,. .,. .,. .,. .,. .,. .,. .,. .,. .,. .,. .,. .,55.9,52.0,49.1,48.6,42.9,40.4,38.2,36.7,35.7,34.3,36.7,43.9,51.0,36.0,48.0,62.9,87.9,63.0,100,103,86.9,102,. .,118,118,. .,. .,141,139,135,129,143,149,159,161
Mauritius,xxx,xxx,xxx,xxx,xxx,xxx,xxx,xxx,xxx,xxx,xxx,xxx,xxx,xxx,xxx,xxx,xxx,xxx,xxx,1.7,2.1,2.5,2.8,3.0,3.2,3.2,4.0,4.8,4.7,4.9,6.2,12.0,11.7,6.8,7.2,7.0,6.6,7.0,8.4,10.3,14.0,17.4,19.6,20.3,19.6,20.5,21.2,19.8,16.4,15.1,15.9,16.4,16.6,17.0,17.4,16.5,16.8,16.5,16.1,17.8,19.2,17.4,18.0,17.2,23.7,19.5,19.0,24.6,23.8,23.0,22.7
Mozambique,xxx,xxx,xxx,xxx,xxx,xxx,xxx,xxx,xxx,xxx,xxx,xxx,xxx,xxx,xxx,xxx,xxx,xxx,xxx,xxx,xxx,xxx,xxx,xxx,xxx,xxx,. .,. .,. .,. .,. .,97,108,102,96,92,77,59,79,73,91,83,81,81,88,103,45.8,41.6,46.1,54.8,65.8,68.1,77.7,80.4,79.5,87.1,67.0,60.1,67.6,70.2,78,100,93,104,120,135,129,142,143,170,133
Namibia,xxx,xxx,xxx,xxx,xxx,xxx,xxx,xxx,xxx,xxx,xxx,xxx,xxx,xxx,xxx,xxx,xxx,xxx,xxx,xxx,xxx,xxx,xxx,xxx,xxx,xxx,xxx,xxx,xxx,xxx,xxx,xxx,xxx,xxx,xxx,xxx,xxx,xxx,xxx,xxx,xxx,. .,231,169,100,79,87,92,113,120,163,146,173,170,168,178,197,207,231,290,306,334,353,347,366,538,590,523,476,456,427
Niger,xxx,xxx,xxx,xxx,xxx,xxx,xxx,xxx,xxx,xxx,xxx,. .,. .,. .,. .,. .,. .,. .,. .,. .,. .,. .,. .,. .,. .,. .,14.8,14.9,16.8,18.8,19.5,17.1,14.7,14.6,16.7,15.2,16.2,17.1,15.0,. .,. .,. .,. .,. .,. .,31.6,27.1,24.9,27.5,33.8,38.6,37.0,45.3,34.9,35.2,41.0,39.4,. .,. .,49.1,50.9,66.8,77.6,148.3,99.9,138.6,. .,188,218,230,184
Nigeria,xxx,xxx,xxx,xxx,xxx,xxx,xxx,xxx,xxx,xxx,xxx,188,214,278,337,399,465,358,1601,2474,4166,3544,2943,3713,3975,4476,7314,5230,5549,4327,3742,3039,2003,1568,1349,901,882,775,622,612,415,686,658,566,765,537,618,524,564,720,1219,941,1340,2023,1245,1213,1071,1117,1297,1821,1910,2243,2496,2199,2114,1922,1875,1811,1732,2043,1876
Rwanda,xxx,xxx,xxx,xxx,xxx,xxx,xxx,xxx,xxx,xxx,xxx,xxx,xxx,. .,. .,. .,. .,. .,. .,. .,. .,. .,. .,. .,48.4,34.0,31.0,33.6,45.6,33.7,38.4,42.7,49.5,46.1,44.4,39.9,42.4,47.5,42.8,40.6,47.9,110,152,125,121,41.3,69.6,99,91.1,100,101.8,86.8,88.5,83.7,77.9,68.0,65.7,72.4,67.0,70.7,72.4,73.7,74.5,73.2,75.2,85.4,100.3,106.4,111.2,119.0,122.3
Senegal,xxx,xxx,xxx,xxx,xxx,xxx,xxx,xxx,xxx,xxx,xxx,. .,. .,. .,. .,. .,. .,. .,. .,. .,. .,. .,. .,. .,. .,. .,. .,. .,. .,. .,138,129,140,122,122,116,105,100,106,113,114,115,113,106,124,102,104,102,101,107,116,106,117,117,128,128,146,169,190,186,198,187,203,185,214,219,235,331,324,385,364
Seychelles,xxx,xxx,xxx,xxx,xxx,xxx,xxx,xxx,xxx,xxx,xxx,xxx,xxx,xxx,xxx,xxx,xxx,xxx,xxx,xxx,xxx,xxx,xxx,xxx,xxx,xxx,xxx,. .,. .,. .,. .,. .,. .,. .,. .,. .,14.0,16.2,16.6,16.9,18.7,19.3,21.0,24.4,15.4,13.5,12.4,11.9,13.0,12.3,12.3,11.5,12.0,11.8,11.8,15.0,13.8,13.5,16.5,12.4,10.6,7.9,9.7,11.4,13.3,31.2,18.3,22.4,21.9,22.6,21.8
Sierra Leone,xxx,xxx,xxx,xxx,xxx,xxx,xxx,xxx,xxx,xxx,xxx,xxx,8.8,9.2,9.8,9.6,9.8,9.5,10.4,11.0,13.1,14.8,14.2,14.5,16.5,20.4,17.5,16.9,18.8,17.8,19.7,26.0,23.1,17.4,11.4,8.8,6.4,12.9,6.2,8.7,15.9,16.4,29.5,34.7,28.2,26.7,25.8,18.9,9.0,. .,. .,26.1,31.0,30.8,33.6,27.3,26.7,29.8,27.9,20.9,24.7,25.7,26.7,29.3,29.5,45.3,38.3,47.0,42.7,29.6,27.8
Somalia,xxx,xxx,xxx,xxx,xxx,xxx,xxx,xxx,xxx,xxx,xxx,. .,20.4,23.9,27.9,29.7,25.3,32.7,37.8,40.8,41.7,51.9,52.8,61.4,64.0,71.1,64.6,64.5,70.2,164.3,142.7,97.6,94.5,81.9,88.3,62.3,44.3,46.9,43.6,. .,. .,. .,. .,. .,. .,. .,. .,. .,. .,. .,. .,. .,. .,. .,. .,. .,. .,. .,. .,. .,. .,. .,. .,. .,. .,. .,. .,. .,. .,. .,. .
South Africa,. .,. .,279,295,251,236,244,275,396,298,280,319,508,821,823,1153,1181,1279,1420,1492,1539,1452,1599,1636,2061,2646,3324,4125,4588,4117,3677,3686,4078,4010,4075,4391,4360,4444,4907,5760,5682,5117,4203,3618,3344,3565,3172,2757,2534,2246,2152,2526,2824,3094,3063,3171,3520,3569,3516,3492,3651,3533,3660,3826,3901,3905,3938,3873,3829,3670,3617
South Sudan,xxx,xxx,xxx,xxx,xxx,xxx,xxx,xxx,xxx,xxx,xxx,xxx,xxx,xxx,xxx,xxx,xxx,xxx,xxx,xxx,xxx,xxx,xxx,xxx,xxx,xxx,xxx,xxx,xxx,xxx,xxx,xxx,xxx,xxx,xxx,xxx,xxx,xxx,xxx,xxx,xxx,xxx,xxx,xxx,xxx,xxx,xxx,xxx,xxx,xxx,xxx,xxx,xxx,xxx,xxx,xxx,xxx,933,855,1183,844,892,1269,811,806,1051,844,246,106,149,138
Sudan,xxx,xxx,xxx,xxx,xxx,xxx,xxx,110,159,151,175,196,198,236,256,366,505,443,414,509,681,815,817,706,642,501,433,639,660,487,577,665,560,612,875,1003,712,607,690,753,. .,872,699,605,690,511,373,264,209,604,1083,1395,885,1038,785,2229,1821,2142,2713,3273,3192,. .,. .,. .,. .,. .,1512,1584,2057,1048,951
eSwatini,xxx,xxx,xxx,xxx,xxx,xxx,xxx,xxx,xxx,xxx,xxx,xxx,xxx,xxx,xxx,xxx,xxx,xxx,xxx,. .,. .,. .,. .,. .,. .,. .,. .,. .,16.2,22.9,23.5,23.6,20.9,20.9,20.3,18.5,16.9,16.9,15.1,14.6,15.7,22.3,24.6,30.9,35.8,37.2,37.7,38.6,37.5,41.7,43.6,41.8,39.3,40.1,46.7,51.5,67.4,67.1,68.3,76.6,83.3,92.5,90.4,79.7,84.3,84.8,85.8,100.5,92.0,90.8,93.2
Tanzania,xxx,xxx,xxx,xxx,xxx,xxx,xxx,xxx,xxx,xxx,xxx,xxx,. .,. .,. .,. .,. .,. .,68.9,66.1,70.3,100,137,161,208,272,257,270,334,645,542,257,294,283,243,216,218,232,218,198,192,159,172,172,113,106,137,135,144,157,156,166,193,189,172,175,189,207,216,220,245,317,342,347,401,446,519,568,619,699,781
Togo,xxx,xxx,xxx,xxx,xxx,xxx,xxx,xxx,xxx,xxx,xxx,. .,. .,. .,6.1,18.0,17.6,15.0,16.5,17.6,18.2,19.7,21.1,21.9,25.1,28.3,29.3,37.5,46.7,46.0,39.9,38.8,38.0,34.0,31.9,36.3,45.7,53.8,67.5,66.5,69.7,71.4,66.7,66.0,72.9,52.0,48.8,. .,. .,. .,. .,. .,. .,. .,48.8,49.4,46.6,. .,. .,55.5,53.8,58.2,55.6,62.4,68.3,78.3,77.5,87.5,94.3,104.4,177.4
Uganda,xxx,xxx,xxx,xxx,xxx,xxx,xxx,xxx,xxx,xxx,xxx,xxx,xxx,10.9,39.7,72.4,126,169,193,237,243,258,440,559,441,331,310,275,190,150,115,155,137,104,73,118,153,163,158,158,143,145,141,93,95,118,134,143,141,179,205,199,201,215,232,265,266,257,263,289,285,609,603,308,259,274,304,315,345,408,622
Zambia,xxx,xxx,xxx,xxx,xxx,xxx,xxx,xxx,xxx,xxx,xxx,xxx,xxx,xxx,xxx,. .,. .,. .,. .,. .,. .,. .,. .,. .,. .,. .,. .,. .,. .,. .,. .,. .,. .,. .,. .,284,229,423,381,284,411,362,242,275,133,157,132,88,88,. .,132,. .,. .,. .,. .,173,193,211,239,238,225,250,262,292,315,388,415,338,329,378,328
Zimbabwe,xxx,xxx,xxx,xxx,xxx,xxx,xxx,xxx,xxx,xxx,xxx,xxx,xxx,xxx,xxx,xxx,. .,. .,. .,. .,. .,. .,. .,. .,. .,. .,. .,. .,. .,. .,. .,181,151,168,182,155,158,158,160,168,176,177,184,149,125,128,118,123,133,181,180,227,299,1077,339,209,156,145,. .,. .,. .,115,224,346,382,395,414,400,377,420,209
Belize,xxx,xxx,xxx,xxx,xxx,xxx,xxx,xxx,xxx,xxx,xxx,xxx,xxx,xxx,xxx,xxx,xxx,xxx,xxx,xxx,xxx,xxx,xxx,xxx,xxx,xxx,xxx,xxx,xxx,xxx,xxx,xxx,4.6,5.3,5.7,6.2,5.9,. .,. .,. .,7.2,7.7,7.6,8.2,9.4,11.8,11.7,10.9,12.7,. .,. .,9.8,10.1,10.4,11.1,11.9,13.0,14.3,15.6,20.0,18.6,16.4,16.2,15.8,18.4,20.4,20.3,22.2,23.2,23.2,23.0
Costa Rica,0.0,0.0,0.0,0.0,0.0,0.0,0.0,0.0,0.0,0.0,0.0,0.0,0.0,0.0,0.0,0.0,0.0,0.0,0.0,0.0,0.0,0.0,0.0,0.0,0.0,0.0,0.0,0.0,0.0,0.0,0.0,0.0,0.0,0.0,0.0,0.0,0.0,0.0,0.0,0.0,0.0,0.0,0.0,0.0,0.0,0.0,0.0,0.0,0.0,0.0,0.0,0.0,0.0,0.0,0.0,0.0,0.0,0.0,0.0,0.0,0.0,0.0,0.0,0.0,0.0,0.0,0.0,0.0,0.0,0.0,0.0
Cuba,. .,. .,. .,. .,. .,. .,. .,. .,. .,. .,. .,. .,. .,. .,. .,. .,. .,. .,. .,. .,. .,. .,. .,. .,. .,. .,. .,. .,. .,. .,. .,. .,. .,. .,. .,. .,. .,. .,. .,. .,. .,. .,. .,. .,. .,. .,. .,. .,. .,. .,. .,. .,. .,. .,. .,. .,92.2,87.2,91.8,92.3,97,103,99.2,132,123,127,116.3,125,123,129,. .
Dominican Rep.,. .,. .,. .,. .,. .,. .,. .,. .,. .,226,. .,226,223,214,202,216,208,192,183,190,180,175,172,171,158,191,191,205,206,238,254,190,210,197,186,171,161,188,158,139,116,92.8,66.6,120,172,173,133,162,218,235,255,342,402,372,278,246,304,294,294,337,331,356,330,372,365,422,453,478,530,594,626
El Salvador,. .,. .,. .,. .,80.8,. .,. .,82.2,95.0,89.0,73.6,72.2,75.1,105,101.6,93.6,106,109,110,105,119,110,131,169,177,162,160,196,244,264,361,349,384,414,482,819,711,703,610,515,521,443,401,348,265,226,210,190,184,177,183,172,226,238,183,177,175,180,201,197,214,223,233,233,245,239,254,253,264,295,317
Guatemala,. .,. .,. .,. .,. .,. .,110.5,117.4,127,124,135,126,127,123,152,134,193,197,217,205,173,311,215,231,198,206,288,322,388,341,386,400,563,610,609,663,604,519,543,606,605,595,452,545,499,486,469,392,337,352,342,433,509,377,410,245,196,229,225,244,229,251,265,292,313,293,291,319,279,273,338
Haiti,. .,. .,. .,. .,. .,. .,. .,. .,. .,. .,. .,. .,. .,. .,. .,. .,. .,. .,. .,. .,. .,. .,. .,. .,. .,. .,. .,. .,. .,. .,. .,. .,. .,. .,. .,. .,. .,. .,. .,5.7,6.1,6.0,6.1,5.6,5.3,4.3,5.3,0.0,0.0,0.0,0.0,0.0,0.0,0.0,0.0,0.0,0.0,0.0,0.0,0.0,0.0,0.0,0.0,0.0,0.1,0.1,0.1,0.1,0.1,0.1,0.1
Honduras,. .,. .,19.6,19.9,22.1,20.4,22.6,24.8,38.6,41.8,37.8,30.2,29.1,28.8,27.9,40.8,42.3,43.2,44.3,45.0,45.4,60.7,68.4,89.5,87.8,82.4,96.3,102,126,161,165,161,156,159,153,169,190,205,232,239,227,184,126,. .,109,. .,. .,. .,. .,. .,. .,97.5,111,111,140,100,99,113,134,167,187,194,214,222,308,309,359,375,408,385,397
Jamaica,xxx,xxx,xxx,xxx,xxx,xxx,xxx,xxx,xxx,xxx,xxx,xxx,xxx,. .,. .,. .,. .,. .,. .,. .,. .,. .,. .,. .,. .,. .,. .,80.1,80.3,. .,. .,. .,92.4,103.5,94.2,75.4,62.9,67.7,68.5,77.3,93.6,90.5,83.5,132.0,110.9,83.7,76.5,75.6,86.4,71.3,68.1,66.9,71.2,85.9,89.7,83.2,80.1,95.4,106,142,138,122,130,129,124,120,125,141,148,210,252
Mexico,360,401,406,375,426,537,508,519,564,524,513,578,585,664,745,780,748,786,781,850,995,929,955,1153,1277,1396,1503,1687,1576,1602,1781,1691,2239,2165,2073,2598,2708,2279,2204,2049,2172,2057,2169,2407,2569,3230,2698,2864,2870,2960,3114,3215,3181,3075,3067,2955,3002,2815.4,3778,3757,4511,4297,4690,4965,5253,5487,5153,5763,5221,5840,6300
Nicaragua,. .,. .,. .,. .,. .,. .,. .,. .,. .,. .,. .,. .,. .,. .,. .,. .,. .,. .,. .,. .,. .,. .,. .,0.1,0.1,0.1,0.1,0.1,0.1,0.2,0.1,0.1,0.2,. .,. .,. .,. .,. .,. .,. .,. .,97.6,80.9,54.2,45.7,46.4,46.5,41.8,41.2,35.4,36.4,41.8,38.0,48.3,49.3,44.3,44.4,46.6,46.6,44.2,43.7,46.2,52.2,69.7,72.6,78.5,96.3,83.9,86.2,81.6,81.3
Panama,. .,. .,. .,. .,. .,. .,. .,. .,. .,. .,. .,. .,. .,. .,. .,. .,. .,. .,. .,. .,. .,. .,. .,. .,. .,. .,. .,. .,. .,. .,. .,. .,. .,. .,. .,. .,. .,. .,187.2,184.9,182.7,130.1,138.1,136.0,163.6,171.4,162.3,167.9,193.2,169.3,179.5,0.0,0.0,0.0,0.0,0.0,0.0,0.0,0.0,0.0,0.0,0.0,0.0,0.0,0.0,0.0,0.0,0.0,0.0,0.0,0.0
Trinidad & Tobago,xxx,xxx,xxx,xxx,xxx,xxx,xxx,xxx,xxx,xxx,xxx,xxx,xxx,. .,. .,. .,. .,. .,. .,72.4,73.1,84.0,111.4,104.9,91.4,75.3,84.8,101.4,108.9,117.7,152.5,176.1,146.7,. .,. .,. .,. .,. .,. .,. .,. .,. .,. .,. .,69.0,75.0,. .,. .,. .,. .,. .,. .,33.8,45.5,76.3,166,200,218,219,217,203,191,187,198,236,199,202,219,204,162,165
Canada,. .,3825,7751,12458,14295,13299,13169,13440,12835,11955,11185,10938,11164,11596,11077,11203,10382,10254,10902,10590,9974,9993,10328,10389,10318,10821,11499,11675,12215,12725,12320,12965,12809,13924,15175,16170,16648,16958,17329,17601,17512,17495,16158,15979,15939,15708,14805,13595,12528,12962,13521,13300,13652,13722,13974,14503,15141,15845,17275,18617,19467,17583,18177,17284,15977,16238,18656,18904,22835,22729,22279
USA,144966,155797,333346,469571,483462,417139,394859,400026,411440,408999,411864,401727,418719,453707,447529,432608,434503,513751,589822,608765,582023,539389,485302,484605,460532,454518,429557,417872,433642,436386,438890,437877,487735,576827,563294,592480,635149,677132,671576,657527,651972,624852,551976,581671,550542,521923,487525,461007,458622,448266,449369,466759,470550,528337,601335,655407,685595,695474,714032,765973,826247,849867,839803,793157,732148,687112,671509,669448,662550,682491,718689
Argentina,4317,3422,2319,2362,3080,2935,2963,2774,4923,2651,1492,2234,2721,2635,2687,2258,2177,2252,2507,3031,3701,3553,3667,3771,3951,4021,5104,9223,9769,10438,10846,9653,10274,8854,10124,7943,7339,7310,7292,7289,5925,4023,4037,3823,3607,3860,3784,3357,3301,3328,3430,3267,3218,2742,2825,2907,3053,3148,3406,3384,3647,3609,3557,3513,3936,4072,4033,3924,4319,3843,3488
Bolivia,. .,. .,. .,. .,54.3,. .,37.1,27.4,31.5,. .,. .,. .,51.2,50.9,63.2,. .,. .,. .,. .,80.4,83.2,109.7,100.0,137,160,185,251,275,280,338,353,382,434,263,184,290,312,256,266,236,256,348,339,324,254,312,308,302,367,453,362,360,403,377,422,407,394,398,442,529,524,484,537,634,677,709,627,581,589,619,588
Brazil,. .,. .,. .,. .,1756,. .,. .,. .,2649,2651,2103,1930,1801,1917,1881,1756,2945,2664,2563,2659,2802,3333,3321,5015,5696,5966,6545,7651,7000,6957,7263,6374,6220,7199,6764,7168,9847,9008,12354,15397,16204,13509,10941,8613,11834,14090,15841,14732,14631,15726,16110,17451,20213,20483,16340,16978,18370,19022,20514,21823,23795,26424,25595,26087,26229,26754,26134,24807,26424,28177,28030
Chile,. .,. .,. .,. .,218,119,168,213,215,237,181,250,295,266,264,253,301,332,362,368,366,781,1182,1301,1329,1995,1536,1613,2136,2513,2808,2962,3175,3553,2995,3049,2965,2915,2896,2416,2225,2103,1990,2016,2202,2333,2537,2558,2730,2840,2938,3090,3159,3144,3566,4043,4157,4736,4663,4950,4451,5008,5338,5010,5069,5144,5131,5300,5558,5546,5562
Colombia,. .,. .,. .,. .,. .,. .,. .,. .,. .,449,368,405,484,752,859,820,865,890,913,754,699,860,1353,844,767,761,858,805,780,910,1032,1184,1118,1104,1461,1664,1525,1661,1785,2055,2094,2190,2168,2476,3190,3332,3890,6030,3877,4631,4927,5001,5500,5775,6067,6475,6592,6971,7395,8741,9182,9112,8482,9079,9887,9750,9801,9663,10312,10135,10797
Ecuador,. .,. .,. .,. .,166.4,. .,. .,. .,263,252,221,296,285,271,239,278,312,288,307,340,434,443,395,460,537,662,782,811,1257,901,926,921,886,896,774,807,1032,1079,1157,1238,1174,1232,1167,1120,1264,1197,1856,1637,1871,2060,1576,722,757,886,1201,1123,1473,1420,1915,2219,2499,2593,2908,2920,3003,2953,2647,2518,2457,2549,2459
Guyana,xxx,xxx,xxx,xxx,xxx,xxx,xxx,xxx,xxx,xxx,xxx,xxx,xxx,xxx,xxx,xxx,xxx,. .,. .,. .,. .,. .,. .,. .,16.4,32.6,93.4,97.1,64.1,39.7,33.6,37.3,34.5,33.6,26.1,25.0,45.3,30.1,20.4,15.5,12.1,6.4,5.1,8.0,9.1,10.9,10.4,9.4,. .,. .,. .,22.3,25.4,28.5,26.8,35.5,28.0,27.2,31.9,36.3,36.0,34.6,34.5,34.9,36.1,40.2,48.0,53.0,59.9,62.2,66.7
Paraguay,. .,. .,. .,. .,. .,. .,. .,. .,. .,. .,. .,51.9,45.4,51.6,56.2,59.1,67.7,76.5,83.0,92,96,105,108,137,130,106,137,141,153,173,124,142,186,278,261,271,302,306,249,310,259,251,384,324,296,274,320,298,245,228,205,198,180,174,156,184,164,187,192,192,214,237,269,309,340,359,393,366,355,387,416
Peru,798,867,1000,952,984,1005,1123,1270,1235,1243,1216,1271,1513,1495,2066,2329,2205,2214,3826,1907,2045,3293,3496,3646,4388,4686,6181,7003,10156,7700,5197,7647,6682,8562,6918,5035,6057,5628,6132,3097,2145,1796,1301,1568,1781,1846,2169,2092,1766,1754,1701,1555,1519,1411,1449,1419,1760,1839,1782,1777,2185,2380,2426,2720,3135,3106,3463,2714,2684,2649,2695
Uruguay,. .,. .,. .,. .,. .,. .,. .,. .,. .,. .,. .,. .,. .,. .,. .,. .,. .,. .,. .,. .,. .,. .,. .,532,953,1149,1076,898,963,1000,1172,1417,1871,1703,1299,1098,1059,1070,900,1024,1127,1101,769,935,902,858,883,949,938,935,960,947,940,866,754,728,737,771,736,831,850,927,902,983,1032,1065,1080,1107,1169,1271,1220
Venezuela,. .,. .,. .,. .,. .,. .,4.9,6.0,8.3,8.7,7.4,7.5,3.8,6.6,7.9,8.2,9.2,9.5,10.8,10.7,10.1,10.2,12.8,14.0,13.9,18.4,19.7,15.3,17.9,18.5,18.4,16.4,14.2,19.5,24.2,23.3,13.8,16.4,17.5,19.3,27.3,16.2,19.5,18.0,22.5,16.5,15.8,11.4,18.8,14.6,12.7,15.5,15.7,11.5,11.2,15.9,27.9,34.4,34.7,34.6,19.5,18.0,21.3,25.1,29.9,17.9,13.6,7.3,8.7,. .,. .
Kazakhstan,xxx,xxx,xxx,xxx,xxx,xxx,xxx,xxx,xxx,xxx,xxx,xxx,xxx,xxx,xxx,xxx,xxx,xxx,xxx,xxx,xxx,xxx,xxx,xxx,xxx,xxx,xxx,xxx,xxx,xxx,xxx,xxx,xxx,xxx,xxx,xxx,xxx,xxx,xxx,xxx,xxx,xxx,xxx,. .,418,268,276,298,279,277,231,243,357,391,463,529,666,779,1171,1112,1049,1152,1270,1482,1672,1666,1714,1449,1391,1572,1863
Kyrgyzstan,xxx,xxx,xxx,xxx,xxx,xxx,xxx,xxx,xxx,xxx,xxx,xxx,xxx,xxx,xxx,xxx,xxx,xxx,xxx,xxx,xxx,xxx,xxx,xxx,xxx,xxx,xxx,xxx,xxx,xxx,xxx,xxx,xxx,xxx,xxx,xxx,xxx,xxx,xxx,xxx,xxx,xxx,xxx,40.4,23.8,25.1,38.6,36.7,44.4,40.4,48.9,56.2,45.9,50.9,57.8,61.9,60.9,67.1,61.0,57.7,69.6,79.4,76.5,94.3,101,112,115,123,123,127,124
Tajikistan,xxx,xxx,xxx,xxx,xxx,xxx,xxx,xxx,xxx,xxx,xxx,xxx,xxx,xxx,xxx,xxx,xxx,xxx,xxx,xxx,xxx,xxx,xxx,xxx,xxx,xxx,xxx,xxx,xxx,xxx,xxx,xxx,xxx,xxx,xxx,xxx,xxx,xxx,xxx,xxx,xxx,xxx,xxx,34.2,121.8,38.6,11.1,12.0,17.2,19.6,16.4,14.2,14.1,30.0,38.9,45.6,. .,. .,. .,38.1,39.2,44.0,54.7,56.8,. .,72.6,78.7,. .,. .,. .,. .
Turkmenistan,xxx,xxx,xxx,xxx,xxx,xxx,xxx,xxx,xxx,xxx,xxx,xxx,xxx,xxx,xxx,xxx,xxx,xxx,xxx,xxx,xxx,xxx,xxx,xxx,xxx,xxx,xxx,xxx,xxx,xxx,xxx,xxx,xxx,xxx,xxx,xxx,xxx,xxx,xxx,xxx,xxx,xxx,xxx,. .,. .,98.2,87.5,84.2,127.5,108.1,116.9,. .,. .,. .,. .,. .,. .,. .,. .,. .,. .,. .,. .,. .,. .,. .,. .,. .,. .,. .,. .
Uzbekistan,xxx,xxx,xxx,xxx,xxx,xxx,xxx,xxx,xxx,xxx,xxx,xxx,xxx,xxx,xxx,xxx,xxx,xxx,xxx,xxx,xxx,xxx,xxx,xxx,xxx,xxx,xxx,xxx,xxx,xxx,xxx,xxx,xxx,xxx,xxx,xxx,xxx,xxx,xxx,xxx,xxx,xxx,xxx,. .,. .,25.5,21.4,28.6,33.2,. .,50.7,43.6,37.6,32.0,33.9,. .,. .,. .,. .,. .,. .,. .,. .,. .,. .,. .,. .,. .,. .,1440,. .
China,. .,. .,. .,. .,. .,. .,. .,. .,. .,. .,. .,. .,. .,. .,. .,. .,. .,. .,. .,. .,. .,. .,. .,. .,. .,. .,. .,. .,. .,. .,. .,. .,. .,. .,. .,. .,. .,. .,. .,. .,20132,21939,23306,28314,26119,25157,26111,27725,29741,32579,39635,43072,51980,60369,65248,72192,79912,92187,103134,112927,136806,143932,155169,168514,184209,200023,213526,225558,238476,253492,266449
Japan,. .,. .,. .,7930,8237,9280,9641,9011,8623,8808,8796,8809,8563,8766,9529,10462,11227,12129,12998,13869,15065,16505,18200,20317,21440,21969,22858,23059,23737,25099,26708,27136,28109,29035,30471,31864,33573,35051,36502,38344,40004,41963,43023,43669,43493,43478,44198,45002,45383,45435,45198,45435,46231,46461,46520,46334,46250,45661,45067,44634,45470,45629,46243,45686,45492,45978,46788,46505,46542,46618,46562
"Korea, North",. .,. .,. .,. .,. .,. .,. .,. .,. .,. .,. .,. .,. .,. .,. .,. .,. .,. .,. .,. .,. .,. .,. .,. .,. .,. .,. .,. .,. .,. .,. .,. .,. .,. .,. .,. .,. .,. .,. .,. .,. .,. .,. .,. .,. .,. .,. .,. .,. .,. .,. .,. .,. .,. .,. .,. .,. .,. .,. .,. .,. .,. .,. .,. .,. .,. .,. .,. .,. .,. .,. .
"Korea, South",. .,. .,. .,. .,199,500,554,794,683,806,855,829,865,1003,829,784,824,1488,1655,1949,2248,2323,2731,3194,3213,4110,4744,6819,8105,10096,9482,10387,10763,11220,11679,11974,12945,13918,14298,15189,16153,16745,17202,18259,19101,19653,21485,21787,22323,21543,20966,22255,22892,23523,24323,25391,27461,28451,29739,31685,33677,33957,34422,35298,36368,37798,39267,40251,40991,43070,46281
Mongolia,. .,. .,. .,. .,. .,. .,. .,. .,. .,. .,. .,. .,. .,. .,. .,. .,. .,. .,. .,. .,. .,. .,. .,. .,. .,. .,. .,. .,. .,. .,. .,. .,. .,. .,. .,. .,. .,. .,. .,. .,. .,128.6,87.4,38.6,36.7,31.9,45.0,38.0,34.7,36.0,36.8,46.8,42.8,46.9,44.3,48.3,46.7,57.3,74.8,68.7,44.4,55.5,75.8,92.8,85.8,92.7,91.2,93.1,92.4,96.1,97.1
Taiwan,. .,. .,. .,. .,. .,. .,. .,. .,. .,. .,. .,. .,. .,. .,. .,. .,. .,. .,. .,. .,. .,. .,. .,. .,. .,. .,. .,4611,5600,6426,7628,7691,7148,7840,7848,7908,8836,9172,9323,10376,11380,12006,12354,12489,14159,13987,12962,13372,13316,12455,12434,10930,10732,10379,10279,10297,9908,9505,10058,10241,11030,10425,10524,10895,10289,10229,10781,10596,10736,10505,10618
Afghanistan,. .,. .,. .,. .,. .,. .,. .,. .,. .,. .,. .,. .,. .,. .,. .,. .,. .,. .,. .,. .,. .,5.4,. .,. .,6.2,6.1,6.4,8.1,8.6,. .,. .,. .,. .,. .,. .,. .,. .,. .,. .,. .,. .,. .,. .,. .,. .,. .,. .,. .,. .,. .,. .,. .,. .,. .,. .,191,172,174,268,233,263,281,276,207,191,233,186,184,181,198,238
Bangladesh,xxx,xxx,xxx,xxx,xxx,xxx,xxx,xxx,xxx,xxx,xxx,xxx,xxx,xxx,xxx,xxx,xxx,xxx,xxx,xxx,xxx,xxx,. .,. .,187,212,217,385,464,414,393,413,437,505,644,633,583,635,682,750,820,815,831,956,1038,1164,1197,1251,1331,1350,1399,1461,1460,1416,1421,1448,1468,1580,1662,1642,1916,2307,2445,2573,2564,2740,3095,3402,3315,3692,4182
India,. .,. .,. .,. .,. .,. .,. .,2745,3283,3289,3036,3066,3307,4546,7442,7264,7100,6686,6247,6469,6856,7070,8429,8887,7850,7310,8205,9420,8950,9359,10086,10350,10928,11857,12270,12980,14560,17211,18540,18983,20004,19704,18398,17583,19859,19948,20546,20918,23156,24159,28077,28972,29981,29888,30555,35493,37772,38078,38538,43712,51464,51671,52171,51986,51603,54276,54292,59833,64572,66258,70794
Nepal,. .,. .,. .,. .,. .,. .,. .,. .,. .,. .,. .,. .,. .,. .,. .,. .,. .,. .,. .,. .,. .,19.9,23.0,23.5,24.0,23.8,28.8,38.0,38.5,39.1,43.5,44.1,44.6,49.7,55.4,61.3,65.7,65.3,66.2,68.4,74.5,77.6,79.6,82.7,86.2,85.7,84.7,84.3,89.3,90.6,98.0,107.7,139,186,207,247,273,257,247,261,293,307,317,301,330,373,358,380,438,429,420
Pakistan,. .,. .,. .,. .,. .,. .,. .,619,514,533,629,655,648,621,671,757,1222,1425,1161,1193,1298,1416,1573,1764,1648,1644,1721,1735,1728,1838,1945,2101,2283,2751,3069,3299,3591,3861,4222,4369,4382,4625,4951,5265,5238,5087,5175,5174,4954,4954,5003,5013,5363,5768,6163,6417,6679,6789,6836,6445,6642,6888,7261,7700,7954,8357,9078,9382,10391,11529,11740
Sri Lanka,. .,. .,7.6,9.9,13.4,21.4,19.6,23.4,32.0,45.1,48.9,49.3,50.0,45.7,39.2,38.1,39.4,41.7,42.8,45.1,46.6,58.3,86.9,77.1,62.7,65.5,69.4,63.9,78.9,97,112,103,91.4,83.6,147,165,589,514,658,455,351,478,653,731,784,910,1532,1431,1270,1332,1199,1604,1339,1108,997,1110,1028,1186,1453,1664,1718,1601,1678,1516,1557,1826,1968,1717,1788,1681,1760
Brunei,xxx,xxx,xxx,xxx,xxx,xxx,xxx,xxx,xxx,xxx,xxx,xxx,xxx,xxx,xxx,xxx,xxx,xxx,xxx,xxx,xxx,xxx,xxx,xxx,xxx,xxx,xxx,xxx,xxx,xxx,xxx,xxx,xxx,xxx,xxx,216,228,240,217,350,350,395,393,376,332,343,328,367,428,386,345,326,300,319,333,263,319,359,371,383,376,392,384,377,377,490,429,413,356,358,419
Cambodia,xxx,xxx,xxx,xxx,. .,. .,. .,. .,. .,. .,. .,. .,. .,. .,. .,. .,. .,. .,. .,. .,. .,. .,. .,. .,. .,. .,. .,. .,. .,. .,. .,. .,. .,. .,. .,. .,. .,2.1,1.9,2.8,5.2,12.0,28.0,62.6,90.0,198,221,203,193,172,178,166,149,133,138,138,135,136,130,109.1,185,221,233,254,276,305,355,404,476,543,593
Indonesia,. .,. .,. .,. .,. .,. .,. .,. .,. .,. .,. .,. .,. .,. .,. .,. .,. .,. .,. .,. .,. .,. .,. .,. .,. .,1264,1618,1618,1678,1832,2119,2460,2772,2738,2515,2513,2495,2455,2237,2138,2192,2423,2464,2653,2547,2815,2963,3315,4358,2849,2165,2228,1980,2394,3219,3599,3126,3174,3817,3546,3720,4369,5009,5751,7732,6813,7923,7394,8523,7557,7380
Laos,. .,. .,. .,. .,. .,. .,. .,. .,. .,. .,. .,. .,. .,. .,. .,. .,. .,. .,. .,. .,. .,. .,. .,. .,. .,. .,. .,. .,. .,. .,. .,. .,. .,. .,. .,. .,. .,. .,. .,. .,. .,. .,. .,250.2,247.9,250.8,210.1,160.9,147.6,100.6,44.4,35.1,33.9,31.3,27.4,26.0,25.4,25.5,25.4,23.6,19.7,19.8,22.2,22.7,23.3,. .,. .,. .,. .,. .,. .
Malaysia,xxx,xxx,xxx,xxx,xxx,xxx,xxx,xxx,261,274,239,220,183,188,253,354,497,617,569,590,574,782,877,864,800,900,950,981,1315,1123,1313,1629,2194,2090,1869,1724,1539,1318,1915,1245,1491,1602,2181,2167,2302,2495,2653,2551,2397,1762,2384,2164,2692,3059,3896,3764,4026,3940,4399,4499,4247,3713,4162,3969,4325,4359,4693,4493,3776,3470,3827
Myanmar,. .,. .,159,245,350,438,385,386,396,436,472,456,437,470,535,524,488,382,367,367,420,470,479,468,439,363,314,301,350,389,371,387,433,418,402,392,391,365,233,242,430,511,443,514,591,628,668,713,593,489,484,653,585,426,634,708,716,. .,. .,. .,. .,. .,. .,. .,. .,. .,. .,. .,. .,. .,. .
Philippines,. .,. .,. .,. .,. .,. .,. .,. .,. .,517,534,531,544,612,690,634,615,685,761,884,1066,1156,1080,1260,1679,2176,. .,2805,2680,2051,2453,2126,2208,2127,2087,1338,1438,1517,1616,2079,1956,1943,1768,1785,1933,2024,2253,2362,2109,2083,2056,2173,2049,2158,2404,2265,2308,2387,2614,2615,2515,2641,2684,2725,3111,2886,3158,3251,4125,2843,3327
Singapore,xxx,xxx,xxx,xxx,xxx,xxx,xxx,xxx,xxx,xxx,xxx,xxx,xxx,xxx,xxx,xxx,. .,. .,. .,. .,. .,871,1054,1115,1080,994,1124,1357,1614,1579,1566,1760,1952,2063,1998,2464,2890,2822,2798,3018,3342,3835,3968,4218,4352,4498,5388,5902,6624,7501,7641,7391,7567,7978,8057,8209,8720,8799,9138,9201,9508,9325,8993,8783,8754,9010,9610,10218,10490,10835,11262
Thailand,. .,. .,. .,. .,. .,. .,. .,. .,535,474,487,454,393,513,545,560,604,650,746,897,1047,1231,1481,1528,1433,1335,1450,1782,2144,2708,3150,3022,2947,3143,3181,3479,3743,3572,3541,3570,3692,3963,4388,4780,4916,5318,5306,5219,5070,4001,3556,3395,3393,3425,3389,3156,3209,3555,4570,5302,5914,5473,5637,5557,5776,5818,6185,6531,6733,6876,6970
Timor-Leste,xxx,xxx,xxx,xxx,xxx,xxx,xxx,xxx,xxx,xxx,xxx,xxx,xxx,xxx,xxx,xxx,xxx,xxx,xxx,xxx,xxx,xxx,xxx,xxx,xxx,xxx,xxx,xxx,xxx,xxx,xxx,xxx,xxx,xxx,xxx,xxx,xxx,xxx,xxx,xxx,xxx,xxx,xxx,xxx,xxx,xxx,xxx,xxx,xxx,xxx,xxx,xxx,xxx,. .,. .,. .,16.0,32.0,40.3,36.8,56.4,38.2,26.2,38.1,32.6,30.2,37.5,27.0,26.0,20.6,33.6
Viet Nam,xxx,xxx,xxx,xxx,xxx,xxx,xxx,xxx,xxx,xxx,xxx,xxx,xxx,xxx,xxx,xxx,xxx,xxx,xxx,xxx,xxx,xxx,xxx,xxx,xxx,xxx,. .,. .,. .,. .,. .,. .,. .,. .,. .,. .,. .,. .,788.1,1277.1,1686.0,2009.7,1429.3,902.1,706.9,964.0,. .,. .,. .,. .,. .,. .,. .,. .,1782,1824,1903,2241,2889,2846,3126,3485,3253,. .,. .,. .,. .,. .,. .,. .,. .
Australia,. .,2953,4241,5416,5452,4890,4966,4813,4619,4577,4603,4529,4525,4716,5303,6140,7092,8630,10153,10912,10549,9862,9584,9588,9185,9058,9205,9346,9395,9498,9816,10323,11022,11587,11987,12923,13550,13628,13165,12698,12591,12653,12869,13244,13746,13900,13464,13299,13538,14201,14895,14855,15443,16107,16407,17083,17680,18624,19769,20489,22033,22289,21981,21210,21026,22820,25155,27546,27496,26840,27395
Fiji,xxx,xxx,xxx,xxx,xxx,xxx,xxx,xxx,xxx,xxx,xxx,xxx,xxx,xxx,xxx,xxx,xxx,xxx,xxx,xxx,xxx,2.6,3.0,3.5,3.6,4.6,6.4,8.3,10.6,18.2,22.1,20.4,21.0,28.2,29.1,30.4,27.9,28.0,50.2,50.7,58.3,56.5,56.2,51.4,52.5,52.0,50.4,46.2,43.3,41.2,42.2,60.7,63.7,57.2,57.5,64.1,56.3,70.5,87.5,57.0,64.9,60.3,63.4,59.6,58.5,76.7,47.9,58.8,77.6,83.1,83.6
New Zealand,. .,. .,. .,. .,. .,. .,. .,1115,1076,1063,1092,1120,1052,1026,1046,1247,1241,1410,1368,1446,1501,1639,1542,1564,1520,1570,1599,1537,1556,1645,1651,2292,2176,1996,1947,2019,2002,2184,2239,1970,2036,2121,1999,1870,1828,1851,1887,1902,1864,1866,1892,1900,1856,1786,1829,1777,1756,1943,1961,1911,2058,2074,1959,1904,1895,1972,1999,2144,2288,2525,3014
Papua New Guinea,xxx,xxx,xxx,xxx,xxx,xxx,xxx,xxx,xxx,xxx,xxx,xxx,xxx,xxx,xxx,xxx,xxx,xxx,xxx,xxx,xxx,xxx,xxx,xxx,xxx,xxx,32.4,86.7,83.9,87.4,91.2,99,90.4,. .,. .,. .,95,95,98,97,105,141,101,109,123,151,110,142,150,119,92.4,81.5,68.2,47.3,42.8,47.9,56.5,55.9,67.4,55.5,70.1,58.1,67.2,97.3,94.9,106,100,83.7,82.5,80.0,78.7
Albania,. .,. .,. .,. .,. .,. .,. .,. .,. .,. .,. .,. .,. .,. .,. .,. .,. .,. .,. .,. .,. .,. .,. .,. .,. .,. .,. .,. .,. .,. .,. .,. .,. .,. .,. .,. .,. .,. .,. .,. .,278,286,202,154,141,135,126,113,78.9,74.6,86.4,95.6,109,108,122,133,138,169,210,247,195,210,209,204,192,187,163,157,162,176,197
Bosnia-Herzegovina,xxx,xxx,xxx,xxx,xxx,xxx,xxx,xxx,xxx,xxx,xxx,xxx,xxx,xxx,xxx,xxx,xxx,xxx,xxx,xxx,xxx,xxx,xxx,xxx,xxx,xxx,xxx,xxx,xxx,xxx,xxx,xxx,xxx,xxx,xxx,xxx,xxx,xxx,xxx,xxx,xxx,xxx,xxx,. .,. .,. .,. .,. .,. .,. .,. .,. .,. .,391,272,244,204,196,193,201,221,206,183,180,175,170,175,173,166,172,191
Bulgaria,. .,. .,. .,. .,. .,. .,. .,. .,. .,. .,. .,. .,. .,. .,. .,. .,. .,. .,. .,. .,. .,. .,. .,. .,. .,. .,. .,. .,. .,. .,. .,. .,. .,. .,. .,. .,. .,. .,. .,. .,4083,3298,1786,1349,1020,874,860,706,659,762,864,890,986,995,1012,946,968,958,1121,1095,873,824,685,686,740,692,701,751,779,961,2187
Croatia,xxx,xxx,xxx,xxx,xxx,xxx,xxx,xxx,xxx,xxx,xxx,xxx,xxx,xxx,xxx,xxx,xxx,xxx,xxx,xxx,xxx,xxx,xxx,xxx,xxx,xxx,xxx,xxx,xxx,xxx,xxx,xxx,xxx,xxx,xxx,xxx,xxx,xxx,xxx,xxx,xxx,xxx,xxx,2044,2596,2918,3103,2909,2934,2262,1764,1250,1158,1253,1014,921,961,972,1000,1148,1046,969,1004,917,877,984,980,931,989,966,1054
Czechia,xxx,xxx,xxx,xxx,xxx,xxx,xxx,xxx,xxx,xxx,xxx,xxx,xxx,xxx,xxx,xxx,xxx,xxx,xxx,xxx,xxx,xxx,xxx,xxx,xxx,xxx,xxx,xxx,xxx,xxx,xxx,xxx,xxx,xxx,xxx,xxx,xxx,xxx,xxx,xxx,xxx,xxx,xxx,xxx,2649,2736,2624,2603,2462,2672,2897,2991,2878,3072,3336,3203,3502,3235,3122,2662,2740,2486,2239,2152,2052,2042,2123,2301,2298,2710,2994
Czechoslovakia,. .,. .,. .,. .,. .,. .,. .,2683,2801,2677,2715,2985,3446,3536,3360,3177,3161,3395,3786,3978,4144,4225,4527,4802,5927,6074,6529,6460,6680,6804,6741,7017,7022,7111,7241,7457,7877,7812,7858,8046,11883,10366,6800,6897,xxx,xxx,xxx,xxx,xxx,xxx,xxx,xxx,xxx,xxx,xxx,xxx,xxx,xxx,xxx,xxx,xxx,xxx,xxx,xxx,xxx,xxx,xxx,xxx,xxx,xxx,xxx
Estonia,xxx,xxx,xxx,xxx,xxx,xxx,xxx,xxx,xxx,xxx,xxx,xxx,xxx,xxx,xxx,xxx,xxx,xxx,xxx,xxx,xxx,xxx,xxx,xxx,xxx,xxx,xxx,xxx,xxx,xxx,xxx,xxx,xxx,xxx,xxx,xxx,xxx,xxx,xxx,xxx,xxx,xxx,xxx,52.6,70.9,90.2,89.4,86.9,116,123,153,180,210,251,290,306,293,321,435,426,369,353,376,439,454,486,529,568,585,607,675
German DR,. .,. .,. .,. .,. .,. .,. .,. .,. .,. .,. .,. .,. .,. .,. .,. .,. .,. .,. .,. .,. .,. .,. .,. .,. .,. .,. .,. .,. .,. .,. .,. .,. .,. .,. .,. .,. .,. .,. .,. .,. .,xxx,xxx,xxx,xxx,xxx,xxx,xxx,xxx,xxx,xxx,xxx,xxx,xxx,xxx,xxx,xxx,xxx,xxx,xxx,xxx,xxx,xxx,xxx,xxx,xxx,xxx,xxx,xxx,xxx,xxx
Hungary,. .,. .,. .,. .,. .,. .,. .,. .,. .,. .,. .,. .,. .,. .,. .,. .,. .,. .,. .,. .,. .,. .,. .,2464,2402,2634,2836,2661,2771,3139,3121,3114,3214,3177,3246,3078,4800,3113,3158,3651,2893,2503,1880,1816,1564,1549,1166,1097,1349,1206,1378,1521,1670,1824,1969,1823,1804,1617,1647,1531,1364,1224,1241,1181,1117,1100,1237,1414,1533,1792,1982
Kosovo,xxx,xxx,xxx,xxx,xxx,xxx,xxx,xxx,xxx,xxx,xxx,xxx,xxx,xxx,xxx,xxx,xxx,xxx,xxx,xxx,xxx,xxx,xxx,xxx,xxx,xxx,xxx,xxx,xxx,xxx,xxx,xxx,xxx,xxx,xxx,xxx,xxx,xxx,xxx,xxx,xxx,xxx,xxx,xxx,xxx,xxx,xxx,xxx,xxx,xxx,xxx,xxx,xxx,xxx,xxx,xxx,xxx,xxx,xxx,0.9,27.5,39.5,46.4,41.7,44.4,48.8,54.7,56.8,60.9,63.3,67.4
Latvia,xxx,xxx,xxx,xxx,xxx,xxx,xxx,xxx,xxx,xxx,xxx,xxx,xxx,xxx,xxx,xxx,xxx,xxx,xxx,xxx,xxx,xxx,xxx,xxx,xxx,xxx,xxx,xxx,xxx,xxx,xxx,xxx,xxx,xxx,xxx,xxx,xxx,xxx,xxx,xxx,xxx,xxx,xxx,. .,91.8,107.3,104.0,80.8,78.3,84.3,110,137,172,281,324,350,407,512,558,547,347,263,272,250,269,279,318,458,520,724,727
Lithuania,xxx,xxx,xxx,xxx,xxx,xxx,xxx,xxx,xxx,xxx,xxx,xxx,xxx,xxx,xxx,xxx,xxx,xxx,xxx,xxx,xxx,xxx,xxx,xxx,xxx,xxx,xxx,xxx,xxx,xxx,xxx,xxx,xxx,xxx,xxx,xxx,xxx,xxx,xxx,xxx,xxx,xxx,xxx,. .,167,90.2,93.9,105,172,299,229,298,350,349,341,394,429,475,518,534,403,336,325,325,336,405,539,722,877,1056,1117
Montenegro,xxx,xxx,xxx,xxx,xxx,xxx,xxx,xxx,xxx,xxx,xxx,xxx,xxx,xxx,xxx,xxx,xxx,xxx,xxx,xxx,xxx,xxx,xxx,xxx,xxx,xxx,xxx,xxx,xxx,xxx,xxx,xxx,xxx,xxx,xxx,xxx,xxx,xxx,xxx,xxx,xxx,xxx,xxx,xxx,xxx,xxx,xxx,xxx,xxx,xxx,xxx,xxx,xxx,xxx,xxx,xxx,81.7,80.6,72.9,83.1,76.3,77.8,75.8,67.2,60.9,63.9,63.4,69.2,71.0,78.9,93.1
North Macedonia,xxx,xxx,xxx,xxx,xxx,xxx,xxx,xxx,xxx,xxx,xxx,xxx,xxx,xxx,xxx,xxx,xxx,xxx,xxx,xxx,xxx,xxx,xxx,xxx,xxx,xxx,xxx,xxx,xxx,xxx,xxx,xxx,xxx,xxx,xxx,xxx,xxx,xxx,xxx,xxx,xxx,xxx,xxx,. .,. .,. .,. .,151,119,122,109,124,396,172,157,167,156,148,171,157,153,131,122,115,115,113,109,114,108,120,156
Poland,. .,. .,. .,. .,. .,. .,. .,. .,. .,. .,. .,. .,. .,. .,. .,. .,. .,. .,. .,. .,. .,4899,5229,5263,5608,5666,6036,6278,6679,6404,6434,6076,6141,6771,6023,6804,7335,7612,7398,7649,6215,6456,4546,4404,4827,4819,4849,5103,5592,5807,5718,5558,5731,5830,6066,6354,6787,7215,8150,7413,7819,8193,8307,8380,8312,9247,11005,10395,10630,12041,12343
Romania,. .,. .,. .,. .,. .,. .,. .,. .,. .,. .,. .,. .,. .,. .,. .,. .,. .,. .,. .,. .,. .,. .,. .,. .,. .,. .,. .,. .,. .,. .,. .,4149,4189,3773,3880,3956,8934,9478,7763,8458,9007,3967,4115,3219,1943,2317,2259,2196,2462,2236,2018,1921,2014,2004,2067,2222,2350,2423,2323,2561,2177,2005,2074,2018,2172,2373,2738,2889,3919,4359,5098
Serbia,xxx,xxx,xxx,xxx,xxx,xxx,xxx,xxx,xxx,xxx,xxx,xxx,xxx,xxx,xxx,xxx,xxx,xxx,xxx,xxx,xxx,xxx,xxx,xxx,xxx,xxx,xxx,xxx,xxx,xxx,xxx,xxx,xxx,xxx,xxx,xxx,xxx,xxx,xxx,xxx,xxx,xxx,xxx,. .,. .,. .,. .,1104,1225,1121,1051,1521,1211,1339,1174,1084,909,917,1034,1003,986,957,919,888,861,869,836,829,890,818,1173
Slovakia,xxx,xxx,xxx,xxx,xxx,xxx,xxx,xxx,xxx,xxx,xxx,xxx,xxx,xxx,xxx,xxx,xxx,xxx,xxx,xxx,xxx,xxx,xxx,xxx,xxx,xxx,xxx,xxx,xxx,xxx,xxx,xxx,xxx,xxx,xxx,xxx,xxx,xxx,xxx,xxx,xxx,xxx,xxx,xxx,1022,1055,1868,1856,1493,1168,1020,1061,1195,1213,1286,1195,1295,1314,1329,1362,1301,1139,977,978,885,914,1084,1112,1131,1296,1917
Slovenia,xxx,xxx,xxx,xxx,xxx,xxx,xxx,xxx,xxx,xxx,xxx,xxx,xxx,xxx,xxx,xxx,xxx,xxx,xxx,xxx,xxx,xxx,xxx,xxx,xxx,xxx,xxx,xxx,xxx,xxx,xxx,xxx,xxx,xxx,xxx,xxx,xxx,xxx,xxx,xxx,xxx,xxx,xxx,501,430,418,476,488,469,468,440,401,492,545,568,603,614,704,708,750,755,752,607,522,463,444,440,495,507,529,589
Yugoslavia ,. .,. .,. .,. .,. .,. .,. .,. .,. .,. .,. .,. .,. .,. .,. .,. .,. .,. .,. .,. .,. .,. .,. .,. .,. .,. .,. .,. .,. .,. .,. .,. .,. .,. .,. .,. .,. .,. .,. .,. .,. .,. .,. .,xxx,xxx,xxx,xxx,xxx,xxx,xxx,xxx,xxx,xxx,xxx,xxx,xxx,xxx,xxx,xxx,xxx,xxx,xxx,xxx,xxx,xxx,xxx,xxx,xxx,xxx,xxx,. .
Armenia,xxx,xxx,xxx,xxx,xxx,xxx,xxx,xxx,xxx,xxx,xxx,xxx,xxx,xxx,xxx,xxx,xxx,xxx,xxx,xxx,xxx,xxx,xxx,xxx,xxx,xxx,xxx,xxx,xxx,xxx,xxx,xxx,xxx,xxx,xxx,xxx,xxx,xxx,xxx,xxx,xxx,xxx,xxx,138.5,51.1,. .,126,109,138,137,147,149,145,143,165,182,222,263,308,357,372,389,357,365,411,417,452,444,455,609,658
Azerbaijan,xxx,xxx,xxx,xxx,xxx,xxx,xxx,xxx,xxx,xxx,xxx,xxx,xxx,xxx,xxx,xxx,xxx,xxx,xxx,xxx,xxx,xxx,xxx,xxx,xxx,xxx,xxx,xxx,xxx,xxx,xxx,xxx,xxx,xxx,xxx,xxx,xxx,xxx,xxx,xxx,xxx,xxx,xxx,280,294,149,123,108,124,142,185,196,222,239,298,361,423,868,944,1270,1122,1062,2021,2097,2121,2128,2262,1509,1584,1672,1804
Belarus,xxx,xxx,xxx,xxx,xxx,xxx,xxx,xxx,xxx,xxx,xxx,xxx,xxx,xxx,xxx,xxx,xxx,xxx,xxx,xxx,xxx,xxx,xxx,xxx,xxx,xxx,xxx,xxx,xxx,xxx,xxx,xxx,xxx,xxx,xxx,xxx,xxx,xxx,xxx,xxx,xxx,xxx,xxx,247,351,352,139,107,175,163,164,181,226,235,237,287,373,485,529,542,480,540,580,660,706,716,703,655,629,715,760
Georgia,xxx,xxx,xxx,xxx,xxx,xxx,xxx,xxx,xxx,xxx,xxx,xxx,xxx,xxx,xxx,xxx,xxx,xxx,xxx,xxx,xxx,xxx,xxx,xxx,xxx,xxx,xxx,xxx,xxx,xxx,xxx,xxx,xxx,xxx,xxx,xxx,xxx,xxx,xxx,xxx,xxx,xxx,xxx,. .,. .,. .,. .,108,67.2,64.9,49.9,34.1,43.2,61.8,75.2,105,279,474,938,891,543,407,366,380,346,335,298,320,316,327,337
Moldova,xxx,xxx,xxx,xxx,xxx,xxx,xxx,xxx,xxx,xxx,xxx,xxx,xxx,xxx,xxx,xxx,xxx,xxx,xxx,xxx,xxx,xxx,xxx,xxx,xxx,xxx,xxx,xxx,xxx,xxx,xxx,xxx,xxx,xxx,xxx,xxx,xxx,xxx,xxx,xxx,xxx,xxx,xxx,. .,34.5,30.5,38.5,36.7,37.4,24.6,19.5,14.9,16.5,19.3,21.0,18.8,21.8,27.8,31.5,38.8,28.1,21.4,23.6,24.2,26.9,29.5,30.2,35.8,35.0,37.4,43.8
Russia,xxx,xxx,xxx,xxx,xxx,xxx,xxx,xxx,xxx,xxx,xxx,xxx,xxx,xxx,xxx,xxx,xxx,xxx,xxx,xxx,xxx,xxx,xxx,xxx,xxx,xxx,xxx,xxx,xxx,xxx,xxx,xxx,xxx,xxx,xxx,xxx,xxx,xxx,xxx,xxx,xxx,xxx,xxx,46552,40695,38471,25312,23900,26130,15539,17257,23283,25162,27874,29227,30549,34716,38425,41826,45957,48218,49198,52506,60836,63800,68378,73694,79007,63652,61388,64144
Ukraine,xxx,xxx,xxx,xxx,xxx,xxx,xxx,xxx,xxx,xxx,xxx,xxx,xxx,xxx,xxx,xxx,xxx,xxx,xxx,xxx,xxx,xxx,xxx,xxx,xxx,xxx,xxx,xxx,xxx,xxx,xxx,xxx,xxx,xxx,xxx,xxx,xxx,xxx,xxx,xxx,xxx,xxx,xxx,. .,264,1067,1148,1024,1291,966,904,1042,979,1133,1365,1495,1611,1808,2197,2149,1895,1967,1770,2000,2047,2812,3432,3507,3505,4170,4557
USSR,. .,. .,. .,. .,. .,. .,. .,. .,. .,. .,. .,. .,. .,. .,. .,. .,. .,. .,. .,. .,. .,. .,. .,. .,. .,. .,. .,. .,. .,. .,. .,. .,. .,. .,. .,. .,. .,. .,. .,277370,257189,217579,. .,xxx,xxx,xxx,xxx,xxx,xxx,xxx,xxx,xxx,xxx,xxx,xxx,xxx,xxx,xxx,xxx,xxx,xxx,xxx,xxx,xxx,xxx,xxx,xxx,xxx,xxx,xxx,xxx
Austria,. .,. .,. .,. .,. .,. .,. .,. .,1264,1438,1423,1334,1281,1349,1654,2080,1721,1977,2004,2008,2067,2045,1969,2041,2120,2374,2640,2694,2780,3013,3200,3198,3099,3233,3283,3314,3625,3743,3599,3402,3367,3404,3420,3321,3352,3367,3338,3306,3314,3323,3391,3473,3236,3179,3310,3316,3245,3117,3707,3592,3354,3335,3259,3216,3091,3117,2980,3207,3367,3388,3362
Belgium,2155,2174,3217,4754,4733,4883,4044,3932,4100,4038,4071,4162,4207,4478,4616,4953,4795,5179,5430,5622,5659,6033,6287,6626,6929,7026,7650,8051,8259,8810,9004,9178,9260,8953,8598,8232,8136,8472,8526,8169,8042,7890,7779,6387,6065,6032,5909,5797,5724,5722,5797,5796,5541,5373,5432,5319,5125,5085,5487,5982,5634,5396,5207,5149,5018,4936,4753,4734,4736,4840,5003
Cyprus,xxx,xxx,xxx,xxx,xxx,xxx,xxx,xxx,xxx,xxx,xxx,. .,. .,. .,. .,. .,. .,. .,. .,. .,. .,. .,. .,. .,. .,. .,. .,. .,. .,. .,. .,. .,. .,. .,. .,. .,85.0,113,417,478,490,729,716,980,440,463,415,623,790,705,436,466,550,376,364,378,411,404,383,384,419,435,403,368,332,313,351,321,381,445,420
Denmark,1109,1042,1247,1710,2229,2218,2187,2098,2208,2140,2099,2341,2399,2936,2946,3053,3240,3188,3186,3400,3348,3532,3593,3573,3398,3737,4092,4005,4025,4182,4208,4246,4292,4416,4451,4343,4245,4090,4320,4407,4298,4301,4379,4299,4310,4202,4158,4171,4224,4271,4245,4106,4361,4308,4182,4206,4008,4381,4226,4388,4126,4393,4094,4222,3873,3703,3664,3906,3985,4559,4751
Finland,. .,. .,. .,. .,. .,. .,. .,. .,. .,644,757,796,919,1290,1024,1010,1030,1013,992,1131,1035,1098,1193,1372,1429,1349,1565,1384,1419,1476,1648,1922,1797,1958,2236,2057,2210,2358,2348,2478,2472,2516,2627,2675,2600,2557,2301,2547,2739,2799,2439,2578,2457,2505,3181,3373,3470,3533,3329,3588,3767,3684,3742,3788,3812,3616,3698,3712,3649,3757,4137
France,14116,15263,20442,25968,28922,24654,22975,29364,31433,28954,29609,30392,31585,32643,32039,32981,33457,34465,36254,36297,34719,34912,35390,36316,37641,37502,39184,40879,43109,45552,46613,47538,48721,49652,50573,50273,50214,51689,53203,53176,53828,53590,53939,52242,51663,51929,49358,48184,48358,47073,47469,46932,46787,47748,49189,50532,49496,49724,49705,49344,52995,50482,48981,48229,47916,48750,50084,52026,52710,51410,52229
Germany,. .,. .,. .,. .,17977,18201,21031,20029,24376,18260,29256,31499,33492,42582,47804,45839,45225,44390,46177,40984,44953,45465,48709,52105,54104,56503,56247,55841,55602,57966,58775,59564,60263,59486,60002,59399,59526,61105,62198,61700,61531,64846,60011,57074,51308,47851,47063,46143,44440,44593,45495,44777,44041,44161,43557,42223,41566,40606,41057,42238,44074,44468,43275,43646,41980,41032,40888,43784,45340,46512,51190
Greece,825,925,1090,1053,1006,1084,1102,1424,1483,1461,1512,1606,1554,1580,1620,1684,1821,1977,2546,2973,3365,3630,3838,4091,4114,5109,6572,7193,7625,7789,7545,6526,7724,7881,7189,7057,7004,5985,5972,6315,5921,5986,5677,5900,5759,5858,5983,6342,6758,7364,7710,8137,7958,7806,6688,7353,7951,8267,8260,9183,9628,7398,5957,5268,4920,4880,5175,5390,5386,5757,5732
Iceland,0.0,0.0,0.0,0.0,0.0,0.0,0.0,0.0,0.0,0.0,0.0,0.0,0.0,0.0,0.0,0.0,0.0,0.0,0.0,0.0,0.0,0.0,0.0,0.0,0.0,0.0,0.0,0.0,0.0,0.0,0.0,0.0,0.0,0.0,0.0,0.0,0.0,0.0,0.0,0.0,0.0,0.0,0.0,0.0,0.0,0.0,0.0,0.0,0.0,0.0,0.0,0.0,0.0,0.0,0.0,0.0,0.0,0.0,0.0,0.0,0.0,0.0,0.0,0.0,0.0,0.0,0.0,0.0,0.0,0.0,0.0
Ireland,. .,. .,. .,. .,. .,. .,. .,. .,. .,258,270,287,299,303,307,343,354,337,343,353,368,417,469,558,597,605,734,758,772,827,912,960,919,931,873,844,870,894,836,831,821,932,977,966,974,996,1004,1058,1121,1130,1169,1199,1301,1250,1198,1216,1232,1222,1231,1275,1258,1199,1137,1077,1071,1067,1070,1078,1084,1107,1159
Italy,5856,6913,7831,8764,7962,8733,8603,8856,9137,9407,9700,10186,10461,11571,12877,13187,13686,14687,14427,14602,14412,15212,17096,18975,18944,18923,17620,17566,18796,19609,20867,20335,21385,23859,24380,25100,24850,26534,28871,30669,30911,29731,30150,29284,29440,28712,26223,28894,30297,31300,32524,34693,34124,35056,35341,35457,34113,33008,32066,33393,32299,31377,30727,28403,27315,25216,24146,27353,28139,27808,28037
Luxembourg,26.6,38.9,55.8,90.7,101.7,116.6,126.9,81.2,86.2,83.7,78.2,50.9,55.9,67.8,64.6,83.3,82.7,83.5,67.8,60.0,61.3,62.3,63.3,70.3,77.1,83.2,88.3,95,93,101,104,121,125,126,129,130,126,133,152,174,159,165,183,191,174,192,187,193,209,224,227,232,291,259,274,288,292,286,296,221,219,276,239,232,241,258,304,287,382,393,444
Malta,xxx,xxx,xxx,xxx,xxx,xxx,xxx,xxx,xxx,xxx,xxx,xxx,xxx,xxx,xxx,. .,. .,. .,. .,. .,. .,. .,. .,. .,. .,. .,. .,. .,. .,. .,. .,. .,. .,. .,. .,. .,33.8,35.4,43.4,39.8,39.6,34.8,35.5,42.3,44.9,48.2,48.2,51.6,50.1,46.0,44.5,43.2,46.2,45.6,47.0,49.6,62.6,50.9,50.9,52.2,56.9,58.4,51.4,48.6,50.0,52.5,56.9,65.3,68.4,66.9,86.7
Netherlands,3690,4485,4714,5573,5915,6769,7128,7635,7161,6291,5656,6347,7299,7748,7914,8631,8320,8081,8956,8853,9254,9476,9910,10222,10381,10858,11413,11266,12556,12134,12867,12518,12646,13635,12500,12710,12568,12748,12978,12928,13050,12683,12330,12260,11266,10864,10556,10606,10502,10467,10981,10543,10821,10809,10966,11045,11065,11587,11743,11540,11789,11293,10914,10255,9552,9565,9542,10031,10250,11115,12404
Norway,1020,895,1238,1652,2079,2128,1761,1721,1817,1691,1790,1704,1853,2047,2132,2162,2506,2491,2569,2723,2874,2882,2955,2954,2975,3055,3313,3392,3461,3696,3790,3826,3868,4019,4194,4039,4654,4507,4796,4571,4692,4730,4587,4971,4632,4871,4399,4459,4385,4676,4699,4543,4573,5495,5283,5417,5097,5087,5412,5442,5774,5684,5791,5896,6033,6295,6249,6485,6753,7067,7399
Portugal,802,863,896,979,1133,1191,1274,1265,1299,1328,1491,1551,2487,2827,2762,3010,3012,3174,3895,4101,3849,4283,4671,4680,4424,5186,3413,2734,2518,2544,2585,2803,2790,2794,2687,2500,2530,2845,2961,3288,3451,3548,3657,3755,3635,3536,3798,3664,3737,3660,3850,3964,4125,4237,4091,4345,4606,4459,4282,4299,4702,4637,4429,3933,4334,3786,3908,4516,3905,4420,4716
Spain,2892,2712,2566,3252,3189,3205,3467,3679,3850,3378,3219,3864,3894,4755,4480,5119,5136,6173,5803,7687,9069,9144,8789,10473,10322,11426,10417,12341,12537,13053,13980,14496,14723,15248,17082,17499,17800,16641,17611,17805,17710,17964,17265,16842,16411,16580,16712,16184,16026,16819,18483,19102,18890,17510,17771,18575,18807,19423,20144,20033,19231,19356,17856,18059,15755,15731,16722,15506,17160,17823,17986
Sweden,. .,. .,. .,. .,. .,. .,. .,. .,. .,. .,. .,3692,3874,4166,4442,4670,4951,4997,4870,4876,5133,5273,5389,5560,5577,5621,5763,5760,5803,5973,6196,6053,5949,5805,5739,5818,5904,6002,6404,6435,6511,6633,6249,6072,6054,6040,6054,6129,5815,5988,6215,6354,6029,5868,5826,5483,5554,5467,5611,4990,4894,5296,4980,5084,5114,5418,5476,5548,5548,5733,6326
Switzerland,. .,. .,. .,. .,. .,. .,. .,. .,3816,4066,3943,3693,4302,4755,4954,5369,5411,5687,5540,5277,5634,5796,6029,6142,5952,5929,5592,6336,6007,6017,6291,6258,6247,6508,6594,6664,7330,6948,6684,6983,7119,7550,7289,7077,6284,6227,6301,5962,5747,5733,5307,5228,5105,4887,4760,4671,4598,4377,4404,4511,4507,4353,4470,4388,4764,4316,4495,4676,4703,4655,5235
UK,. .,28272,33289,42583,47310,44915,42766,41975,40533,39470,39271,40083,40044,40558,41251,42368,42495,42268,43348,42731,40381,41594,41501,44144,44291,44303,46544,45862,43861,45255,46670,49765,48747,53147,55510,58263,58811,58084,57451,55416,55904,55983,56630,52894,50478,49089,46043,45602,43983,44127,43891,44862,46541,49427,52975,53568,53995,54278,55960,58510,59766,58962,56813,54524,52355,50996,49838,49912,49412,49892,49916
Bahrain,xxx,xxx,xxx,xxx,xxx,xxx,xxx,xxx,xxx,xxx,xxx,xxx,xxx,xxx,xxx,xxx,xxx,xxx,xxx,xxx,xxx,xxx,81.1,77.2,82.3,102.7,55.2,72.2,94.3,229,299,316,388,463,265,237,248,270,274,318,330,359,392,416,406,410,425,454,443,456,510,506,531,637,728,733,690,757,820,887,993,991,1220,1358,1499,1599,1534,1558,1565,1528,1385
Egypt,. .,. .,. .,. .,. .,. .,. .,. .,. .,. .,. .,. .,. .,1344,1928,2485,2485,2132,2233,2898,3841,4549,5112,4216,4283,5702,5407,5600,6207,5048,3812,3726,4508,4984,5591,5951,5963,5413,4598,3621,2919,2875,2893,2836,2752,2886,2841,2877,2944,2964,2974,3180,3837,4332,4427,4188,4180,4277,4307,4011,3893,3892,3780,3678,3648,3979,4219,3975,3354,3120,3105
Iran,. .,. .,. .,. .,. .,. .,. .,. .,. .,. .,. .,569,592,610,711,827,1042,1340,1704,2236,2794,3011,1875,1629,1744,12089,16438,18523,15512,14759,8222,6666,9918,10656,9995,8711,9103,7291,6689,6183,4573,4060,3661,3177,3721,4592,4504,4967,5541,5545,5608,6175,6874,7399,8635,11159,13269,15889,14611,14056,14707,14965,13495,14220,11233,11141,11719,13280,14678,11231,9582
Iraq,. .,. .,. .,. .,. .,. .,. .,. .,217,233,273,313,328,348,405,460,563,575,556,676,824,842,856,828,1026,2017,2049,2011,2100,1986,. .,. .,. .,. .,. .,. .,. .,. .,. .,. .,. .,. .,. .,. .,. .,. .,. .,. .,. .,. .,. .,. .,. .,. .,. .,2109,2847,2044,3128,4135,3941,4441,4786,4352,8024,6984,9566,5988,7437,6318,7663
Israel,. .,. .,. .,383,364,445,620,1196,1056,993,1053,1145,1362,1747,2087,2133,2231,2473,4030,5106,6298,8574,9269,9399,13843,14199,15688,14508,12382,13455,11973,12689,14891,13792,12278,13354,12609,11766,14382,14484,11449,12091,16426,12399,13635,12946,12028,12255,12266,12093,11837,12546,13071,13077,12861,13297,13623,13831,15505,15702,15389,15500,15669,15986,16476,17725,17971,18911,19739,19759,20102
Jordan,. .,. .,. .,. .,. .,. .,. .,. .,. .,. .,. .,. .,. .,. .,. .,. .,. .,. .,926,1129,1030,848,801,886,854,760,746,1131,873,880,992,923,1002,1055,1078,1038,1134,1254,1256,1184,942,788,1005,819,859,873,628,832,859,931,954,980,962,932,1075,998,992,1085,1524,1761,2050,1942,1909,1686,1578,1644,1729,1910,2026,1958,1992
Kuwait,. .,. .,. .,. .,. .,. .,. .,. .,. .,. .,. .,. .,. .,. .,. .,. .,. .,. .,. .,. .,. .,. .,. .,617,773,1904,. .,. .,2890,2516,2819,2783,2929,3462,3712,3833,3611,3245,3190,4013,4981,19219,25047,12695,6142,6517,7147,6078,4631,4321,4198,4902,4817,4971,5357,5766,5580,5516,5860,5395,5245,5149,5883,6367,6024,6012,6056,6622,6830,7296,7638
Lebanon,. .,. .,. .,. .,. .,. .,. .,. .,. .,. .,. .,. .,. .,. .,. .,. .,. .,. .,. .,. .,. .,. .,. .,. .,. .,. .,. .,. .,. .,. .,. .,2666,2097,1273,2266,2671,1906,1486,370,281,. .,895,852,1518,1266,1588,1627,1427,1196,1153,1368,1538,1591,1481,1488,1513,1536,1525,1674,1534,1849,1976,1932,1958,2058,2369,2428,2850,2589,2776,2446
Oman,. .,. .,. .,. .,. .,. .,. .,. .,. .,. .,. .,. .,. .,. .,. .,. .,. .,. .,. .,. .,. .,. .,356,600,646,690,1427,1527,1464,1924,1502,1502,1811,1965,2318,2715,2893,2399,2054,2039,2047,2300,1906,2282,2142,2276,2293,2166,2241,1985,2008,2392,2782,2865,3012,3391,4086,4354,4417,4194,3942,4163,5449,9792,9183,8517,7807,8134,6863,7565,6676
Qatar,xxx,xxx,xxx,xxx,xxx,xxx,xxx,xxx,xxx,xxx,xxx,xxx,xxx,xxx,xxx,xxx,xxx,xxx,xxx,xxx,xxx,xxx,. .,. .,. .,. .,. .,. .,. .,. .,. .,2163,3409,4466,2682,2564,4396,. .,2405,2610,2182,1975,2142,. .,. .,. .,. .,. .,. .,. .,. .,. .,. .,1428,1439,1327,1401,1504,1938,2499,2208,2180,. .,. .,. .,. .,. .,. .,. .,. .,. .
Saudi Arabia,. .,. .,. .,. .,. .,. .,. .,. .,. .,. .,. .,. .,. .,. .,828,875,1253,2086,2286,2267,2777,3044,3619,5077,6556,. .,. .,. .,19262,21839,28072,31381,36543,40712,33056,35502,29318,. .,26083,23873,22558,28349,27035,25409,26930,23244,20489,20456,27780,32091,28562,31480,33531,29432,29641,32892,39720,45246,52118,51152,52568,54713,55456,62761,71925,84772,90409,64698,72136,74400,62525
Syria,. .,. .,. .,. .,. .,. .,. .,. .,. .,. .,. .,. .,. .,. .,. .,. .,. .,. .,. .,. .,. .,. .,. .,. .,. .,. .,. .,. .,. .,. .,. .,. .,. .,. .,. .,. .,. .,. .,. .,. .,. .,. .,. .,. .,. .,. .,. .,. .,. .,. .,. .,. .,. .,. .,. .,. .,. .,. .,. .,. .,. .,. .,. .,. .,. .,. .,. .,. .,. .,. .,. .
Turkey,. .,. .,. .,. .,1195,1208,1222,1131,1051,1021,1215,1340,1506,1604,1649,1768,1852,1856,2000,2236,2168,2405,2755,2896,3071,3443,6020,6325,6090,5577,4948,5129,5786,6326,5985,5818,6173,6936,6624,5834,6750,8157,8385,8820,9751,9534,9794,10961,11424,11970,13217,12791,11726,12476,11603,10782,10392,10878,10489,10640,11385,11184,11280,11556,11868,11955,12302,14423,15480,19649,20796
UAE,xxx,xxx,xxx,xxx,xxx,xxx,xxx,xxx,xxx,xxx,xxx,xxx,xxx,xxx,xxx,xxx,xxx,xxx,xxx,xxx,xxx,xxx,. .,. .,. .,. .,. .,. .,. .,. .,. .,. .,. .,. .,. .,. .,. .,. .,. .,. .,. .,. .,. .,. .,. .,. .,. .,. .,7036,8297,8577,11747,11276,10118,10692,11893,10849,10771,11445,13942,16414,20585,22362,22032,26989,25468,. .,. .,. .,. .,. .
Yemen,xxx,xxx,xxx,xxx,xxx,xxx,xxx,xxx,xxx,xxx,xxx,xxx,xxx,xxx,xxx,xxx,xxx,xxx,xxx,xxx,xxx,xxx,xxx,xxx,xxx,xxx,xxx,xxx,xxx,xxx,xxx,xxx,xxx,xxx,xxx,xxx,xxx,xxx,xxx,xxx,xxx,3200,2998,2944,2548,2614,1963,1787,2292,2201,2386,2839,3018,3822,3943,3216,3306,3093,3698,3555,4067,4036,3660,3353,3085,2968,. .,. .,. .,. .,. .
"Yemen, North",. .,. .,. .,. .,. .,. .,. .,. .,. .,. .,. .,. .,. .,. .,. .,. .,. .,. .,. .,. .,. .,. .,. .,. .,. .,. .,. .,. .,. .,. .,. .,. .,. .,. .,. .,. .,. .,. .,. .,3192,3069,xxx,xxx,xxx,xxx,xxx,xxx,xxx,xxx,xxx,xxx,xxx,xxx,xxx,xxx,xxx,xxx,xxx,xxx,xxx,xxx,xxx,xxx,xxx,xxx,xxx,xxx,xxx,xxx,xxx,xxx
